"filename", "language", "JSON", "JSON with Comments", "YAML", "Ignore", "JavaScript", "TypeScript", "Docker", "PostCSS", "TypeScript JSX", "WebAssembly Text Format", "comment", "blank", "total"
"/Users/oladmin/Desktop/CS-Y3/Voter/vote-app/.dockerignore", "Ignore", 0, 0, 0, 12, 0, 0, 0, 0, 0, 0, 0, 0, 12
"/Users/oladmin/Desktop/CS-Y3/Voter/vote-app/.eslintrc.json", "JSON", 11, 0, 0, 0, 0, 0, 0, 0, 0, 0, 0, 1, 12
"/Users/oladmin/Desktop/CS-Y3/Voter/vote-app/Dockerfile", "Docker", 0, 0, 0, 0, 0, 0, 10, 0, 0, 0, 8, 7, 25
"/Users/oladmin/Desktop/CS-Y3/Voter/vote-app/components.json", "JSON", 20, 0, 0, 0, 0, 0, 0, 0, 0, 0, 0, 0, 20
"/Users/oladmin/Desktop/CS-Y3/Voter/vote-app/contract-as/as-pect.config.js", "JavaScript", 0, 0, 0, 0, 1, 0, 0, 0, 0, 0, 0, 0, 1
"/Users/oladmin/Desktop/CS-Y3/Voter/vote-app/contract-as/asconfig.json", "JSON", 14, 0, 0, 0, 0, 0, 0, 0, 0, 0, 0, 0, 14
"/Users/oladmin/Desktop/CS-Y3/Voter/vote-app/contract-as/assembly/__tests__/index.spec.ts", "TypeScript", 0, 0, 0, 0, 0, 14, 0, 0, 0, 0, 0, 2, 16
"/Users/oladmin/Desktop/CS-Y3/Voter/vote-app/contract-as/assembly/index.ts", "TypeScript", 0, 0, 0, 0, 0, 79, 0, 0, 0, 0, 0, 17, 96
"/Users/oladmin/Desktop/CS-Y3/Voter/vote-app/contract-as/assembly/model.ts", "TypeScript", 0, 0, 0, 0, 0, 8, 0, 0, 0, 0, 0, 1, 9
"/Users/oladmin/Desktop/CS-Y3/Voter/vote-app/contract-as/build/release/vote-contract.wasm", "WebAssembly Text Format", 0, 0, 0, 0, 0, 0, 0, 0, 0, 324, 0, 0, 324
"/Users/oladmin/Desktop/CS-Y3/Voter/vote-app/contract-as/build/release/vote-contract.wat", "WebAssembly Text Format", 0, 0, 0, 0, 0, 0, 0, 0, 0, 11107, 0, 1, 11108
"/Users/oladmin/Desktop/CS-Y3/Voter/vote-app/contract-as/package.json", "JSON", 26, 0, 0, 0, 0, 0, 0, 0, 0, 0, 0, 1, 27
"/Users/oladmin/Desktop/CS-Y3/Voter/vote-app/docker-compose.yml", "YAML", 0, 0, 31, 0, 0, 0, 0, 0, 0, 0, 0, 1, 32
"/Users/oladmin/Desktop/CS-Y3/Voter/vote-app/next.config.js", "JavaScript", 0, 0, 0, 0, 13, 0, 0, 0, 0, 0, 1, 2, 16
"/Users/oladmin/Desktop/CS-Y3/Voter/vote-app/package-lock.json", "JSON", 8377, 0, 0, 0, 0, 0, 0, 0, 0, 0, 0, 1, 8378
"/Users/oladmin/Desktop/CS-Y3/Voter/vote-app/package.json", "JSON", 51, 0, 0, 0, 0, 0, 0, 0, 0, 0, 0, 1, 52
"/Users/oladmin/Desktop/CS-Y3/Voter/vote-app/postcss.config.mjs", "JavaScript", 0, 0, 0, 0, 6, 0, 0, 0, 0, 0, 1, 2, 9
"/Users/oladmin/Desktop/CS-Y3/Voter/vote-app/src/app/admin/page.tsx", "TypeScript JSX", 0, 0, 0, 0, 0, 0, 0, 0, 76, 0, 0, 9, 85
"/Users/oladmin/Desktop/CS-Y3/Voter/vote-app/src/app/api/campaigns.ts", "TypeScript", 0, 0, 0, 0, 0, 20, 0, 0, 0, 0, 0, 4, 24
"/Users/oladmin/Desktop/CS-Y3/Voter/vote-app/src/app/api/campaigns/[id]/announcements/route.ts", "TypeScript", 0, 0, 0, 0, 0, 45, 0, 0, 0, 0, 0, 6, 51
"/Users/oladmin/Desktop/CS-Y3/Voter/vote-app/src/app/api/campaigns/[id]/candidates/route.ts", "TypeScript", 0, 0, 0, 0, 0, 75, 0, 0, 0, 0, 3, 17, 95
"/Users/oladmin/Desktop/CS-Y3/Voter/vote-app/src/app/api/campaigns/[id]/keys/route.ts", "TypeScript", 0, 0, 0, 0, 0, 34, 0, 0, 0, 0, 1, 5, 40
"/Users/oladmin/Desktop/CS-Y3/Voter/vote-app/src/app/api/campaigns/[id]/route.ts", "TypeScript", 0, 0, 0, 0, 0, 86, 0, 0, 0, 0, 1, 14, 101
"/Users/oladmin/Desktop/CS-Y3/Voter/vote-app/src/app/api/campaigns/[id]/verify/route.ts", "TypeScript", 0, 0, 0, 0, 0, 74, 0, 0, 0, 0, 6, 13, 93
"/Users/oladmin/Desktop/CS-Y3/Voter/vote-app/src/app/api/campaigns/[id]/vote/route.ts", "TypeScript", 0, 0, 0, 0, 0, 80, 0, 0, 0, 0, 8, 14, 102
"/Users/oladmin/Desktop/CS-Y3/Voter/vote-app/src/app/api/campaigns/access/route.ts", "TypeScript", 0, 0, 0, 0, 0, 42, 0, 0, 0, 0, 5, 8, 55
"/Users/oladmin/Desktop/CS-Y3/Voter/vote-app/src/app/api/campaigns/active/[userId]/route.ts", "TypeScript", 0, 0, 0, 0, 0, 26, 0, 0, 0, 0, 0, 4, 30
"/Users/oladmin/Desktop/CS-Y3/Voter/vote-app/src/app/api/campaigns/keys/[token]/route.ts", "TypeScript", 0, 0, 0, 0, 0, 32, 0, 0, 0, 0, 2, 5, 39
"/Users/oladmin/Desktop/CS-Y3/Voter/vote-app/src/app/api/campaigns/route.ts", "TypeScript", 0, 0, 0, 0, 0, 83, 0, 0, 0, 0, 8, 19, 110
"/Users/oladmin/Desktop/CS-Y3/Voter/vote-app/src/app/api/campaigns/user/[userId]/route.ts", "TypeScript", 0, 0, 0, 0, 0, 28, 0, 0, 0, 0, 1, 5, 34
"/Users/oladmin/Desktop/CS-Y3/Voter/vote-app/src/app/api/candidates/route.ts", "TypeScript", 0, 0, 0, 0, 0, 49, 0, 0, 0, 0, 2, 10, 61
"/Users/oladmin/Desktop/CS-Y3/Voter/vote-app/src/app/api/keys/route.ts", "TypeScript", 0, 0, 0, 0, 0, 45, 0, 0, 0, 0, 2, 8, 55
"/Users/oladmin/Desktop/CS-Y3/Voter/vote-app/src/app/api/login/route.ts", "TypeScript", 0, 0, 0, 0, 0, 29, 0, 0, 0, 0, 0, 8, 37
"/Users/oladmin/Desktop/CS-Y3/Voter/vote-app/src/app/api/signup/campaign/route.ts", "TypeScript", 0, 0, 0, 0, 0, 27, 0, 0, 0, 0, 0, 7, 34
"/Users/oladmin/Desktop/CS-Y3/Voter/vote-app/src/app/api/signup/voter/route.ts", "TypeScript", 0, 0, 0, 0, 0, 26, 0, 0, 0, 0, 0, 7, 33
"/Users/oladmin/Desktop/CS-Y3/Voter/vote-app/src/app/api/users/route.ts", "TypeScript", 0, 0, 0, 0, 0, 19, 0, 0, 0, 0, 0, 6, 25
"/Users/oladmin/Desktop/CS-Y3/Voter/vote-app/src/app/api/voter/voted-campaigns/route.ts", "TypeScript", 0, 0, 0, 0, 0, 50, 0, 0, 0, 0, 5, 9, 64
"/Users/oladmin/Desktop/CS-Y3/Voter/vote-app/src/app/api/votes/[id]/route.ts", "TypeScript", 0, 0, 0, 0, 0, 18, 0, 0, 0, 0, 0, 5, 23
"/Users/oladmin/Desktop/CS-Y3/Voter/vote-app/src/app/campaign/[id]/manage/page.tsx", "TypeScript JSX", 0, 0, 0, 0, 0, 0, 0, 0, 306, 0, 10, 30, 346
"/Users/oladmin/Desktop/CS-Y3/Voter/vote-app/src/app/campaign/[id]/page.tsx", "TypeScript JSX", 0, 0, 0, 0, 0, 0, 0, 0, 89, 0, 0, 10, 99
"/Users/oladmin/Desktop/CS-Y3/Voter/vote-app/src/app/campaign/[id]/view/page.tsx", "TypeScript JSX", 0, 0, 0, 0, 0, 0, 0, 0, 103, 0, 2, 15, 120
"/Users/oladmin/Desktop/CS-Y3/Voter/vote-app/src/app/campaign/active/page.tsx", "TypeScript JSX", 0, 0, 0, 0, 0, 0, 0, 0, 159, 0, 0, 20, 179
"/Users/oladmin/Desktop/CS-Y3/Voter/vote-app/src/app/campaign/keys/[token]/page.tsx", "TypeScript JSX", 0, 0, 0, 0, 0, 0, 0, 0, 146, 0, 1, 18, 165
"/Users/oladmin/Desktop/CS-Y3/Voter/vote-app/src/app/campaign/manage-voters/page.tsx", "TypeScript JSX", 0, 0, 0, 0, 0, 0, 0, 0, 18, 0, 0, 2, 20
"/Users/oladmin/Desktop/CS-Y3/Voter/vote-app/src/app/campaign/new/page.tsx", "TypeScript JSX", 0, 0, 0, 0, 0, 0, 0, 0, 214, 0, 4, 24, 242
"/Users/oladmin/Desktop/CS-Y3/Voter/vote-app/src/app/campaign/page.tsx", "TypeScript JSX", 0, 0, 0, 0, 0, 0, 0, 0, 34, 0, 0, 5, 39
"/Users/oladmin/Desktop/CS-Y3/Voter/vote-app/src/app/campaign/past/page.tsx", "TypeScript JSX", 0, 0, 0, 0, 0, 0, 0, 0, 126, 0, 2, 15, 143
"/Users/oladmin/Desktop/CS-Y3/Voter/vote-app/src/app/campaign/results/page.tsx", "TypeScript JSX", 0, 0, 0, 0, 0, 0, 0, 0, 9, 0, 1, 1, 11
"/Users/oladmin/Desktop/CS-Y3/Voter/vote-app/src/app/dashboard/page.tsx", "TypeScript JSX", 0, 0, 0, 0, 0, 0, 0, 0, 83, 0, 0, 8, 91
"/Users/oladmin/Desktop/CS-Y3/Voter/vote-app/src/app/error.tsx", "TypeScript JSX", 0, 0, 0, 0, 0, 0, 0, 0, 26, 0, 0, 3, 29
"/Users/oladmin/Desktop/CS-Y3/Voter/vote-app/src/app/information/page.tsx", "TypeScript JSX", 0, 0, 0, 0, 0, 0, 0, 0, 12, 0, 0, 4, 16
"/Users/oladmin/Desktop/CS-Y3/Voter/vote-app/src/app/layout.tsx", "TypeScript JSX", 0, 0, 0, 0, 0, 0, 0, 0, 28, 0, 0, 3, 31
"/Users/oladmin/Desktop/CS-Y3/Voter/vote-app/src/app/loading.tsx", "TypeScript JSX", 0, 0, 0, 0, 0, 0, 0, 0, 9, 0, 0, 0, 9
"/Users/oladmin/Desktop/CS-Y3/Voter/vote-app/src/app/login/page.tsx", "TypeScript JSX", 0, 0, 0, 0, 0, 0, 0, 0, 70, 0, 1, 7, 78
"/Users/oladmin/Desktop/CS-Y3/Voter/vote-app/src/app/not-found.tsx", "TypeScript JSX", 0, 0, 0, 0, 0, 0, 0, 0, 15, 0, 0, 2, 17
"/Users/oladmin/Desktop/CS-Y3/Voter/vote-app/src/app/page.tsx", "TypeScript JSX", 0, 0, 0, 0, 0, 0, 0, 0, 55, 0, 4, 8, 67
"/Users/oladmin/Desktop/CS-Y3/Voter/vote-app/src/app/signup/admin/page.tsx", "TypeScript JSX", 0, 0, 0, 0, 0, 0, 0, 0, 0, 0, 0, 1, 1
"/Users/oladmin/Desktop/CS-Y3/Voter/vote-app/src/app/signup/campaign/page.tsx", "TypeScript JSX", 0, 0, 0, 0, 0, 0, 0, 0, 109, 0, 1, 14, 124
"/Users/oladmin/Desktop/CS-Y3/Voter/vote-app/src/app/signup/voter/page.tsx", "TypeScript JSX", 0, 0, 0, 0, 0, 0, 0, 0, 11, 0, 0, 2, 13
"/Users/oladmin/Desktop/CS-Y3/Voter/vote-app/src/app/voter/history/[id]/page.tsx", "TypeScript JSX", 0, 0, 0, 0, 0, 0, 0, 0, 117, 0, 0, 14, 131
"/Users/oladmin/Desktop/CS-Y3/Voter/vote-app/src/app/voter/history/page.tsx", "TypeScript JSX", 0, 0, 0, 0, 0, 0, 0, 0, 87, 0, 1, 17, 105
"/Users/oladmin/Desktop/CS-Y3/Voter/vote-app/src/app/voter/page.tsx", "TypeScript JSX", 0, 0, 0, 0, 0, 0, 0, 0, 38, 0, 0, 7, 45
"/Users/oladmin/Desktop/CS-Y3/Voter/vote-app/src/app/voter/results/page.tsx", "TypeScript JSX", 0, 0, 0, 0, 0, 0, 0, 0, 140, 0, 0, 18, 158
"/Users/oladmin/Desktop/CS-Y3/Voter/vote-app/src/app/voter/vote/page.tsx", "TypeScript JSX", 0, 0, 0, 0, 0, 0, 0, 0, 336, 0, 5, 37, 378
"/Users/oladmin/Desktop/CS-Y3/Voter/vote-app/src/components/AddressStep.tsx", "TypeScript JSX", 0, 0, 0, 0, 0, 0, 0, 0, 33, 0, 0, 4, 37
"/Users/oladmin/Desktop/CS-Y3/Voter/vote-app/src/components/CampaignIDManager.tsx", "TypeScript JSX", 0, 0, 0, 0, 0, 0, 0, 0, 112, 0, 0, 14, 126
"/Users/oladmin/Desktop/CS-Y3/Voter/vote-app/src/components/CampaignReviewList.tsx", "TypeScript JSX", 0, 0, 0, 0, 0, 0, 0, 0, 86, 0, 2, 7, 95
"/Users/oladmin/Desktop/CS-Y3/Voter/vote-app/src/components/CandidateCard.tsx", "TypeScript JSX", 0, 0, 0, 0, 0, 0, 0, 0, 10, 0, 0, 3, 13
"/Users/oladmin/Desktop/CS-Y3/Voter/vote-app/src/components/CandidateForm.tsx", "TypeScript JSX", 0, 0, 0, 0, 0, 0, 0, 0, 119, 0, 1, 18, 138
"/Users/oladmin/Desktop/CS-Y3/Voter/vote-app/src/components/ClientProviders.tsx", "TypeScript JSX", 0, 0, 0, 0, 0, 0, 0, 0, 11, 0, 0, 4, 15
"/Users/oladmin/Desktop/CS-Y3/Voter/vote-app/src/components/CountdownTimer.tsx", "TypeScript JSX", 0, 0, 0, 0, 0, 0, 0, 0, 64, 0, 0, 10, 74
"/Users/oladmin/Desktop/CS-Y3/Voter/vote-app/src/components/FAQAccordion.tsx", "TypeScript JSX", 0, 0, 0, 0, 0, 0, 0, 0, 53, 0, 0, 7, 60
"/Users/oladmin/Desktop/CS-Y3/Voter/vote-app/src/components/Footer.tsx", "TypeScript JSX", 0, 0, 0, 0, 0, 0, 0, 0, 8, 0, 1, 2, 11
"/Users/oladmin/Desktop/CS-Y3/Voter/vote-app/src/components/Header.tsx", "TypeScript JSX", 0, 0, 0, 0, 0, 0, 0, 0, 20, 0, 1, 2, 23
"/Users/oladmin/Desktop/CS-Y3/Voter/vote-app/src/components/KeyGeneration.tsx", "TypeScript JSX", 0, 0, 0, 0, 0, 0, 0, 0, 134, 0, 10, 19, 163
"/Users/oladmin/Desktop/CS-Y3/Voter/vote-app/src/components/LoginPage.tsx", "TypeScript JSX", 0, 0, 0, 0, 0, 0, 0, 0, 60, 0, 0, 9, 69
"/Users/oladmin/Desktop/CS-Y3/Voter/vote-app/src/components/Navbar.tsx", "TypeScript JSX", 0, 0, 0, 0, 0, 0, 0, 0, 73, 0, 5, 10, 88
"/Users/oladmin/Desktop/CS-Y3/Voter/vote-app/src/components/NearAuthGuard.tsx", "TypeScript JSX", 0, 0, 0, 0, 0, 0, 0, 0, 23, 0, 2, 5, 30
"/Users/oladmin/Desktop/CS-Y3/Voter/vote-app/src/components/ProgressBar.tsx", "TypeScript JSX", 0, 0, 0, 0, 0, 0, 0, 0, 8, 0, 0, 2, 10
"/Users/oladmin/Desktop/CS-Y3/Voter/vote-app/src/components/ProtectedRoute.tsx", "TypeScript JSX", 0, 0, 0, 0, 0, 0, 0, 0, 43, 0, 4, 9, 56
"/Users/oladmin/Desktop/CS-Y3/Voter/vote-app/src/components/Providers.tsx", "TypeScript JSX", 0, 0, 0, 0, 0, 0, 0, 0, 6, 0, 0, 2, 8
"/Users/oladmin/Desktop/CS-Y3/Voter/vote-app/src/components/SignUpCampaignPage.tsx", "TypeScript JSX", 0, 0, 0, 0, 0, 0, 0, 0, 107, 0, 1, 8, 116
"/Users/oladmin/Desktop/CS-Y3/Voter/vote-app/src/components/SignUpToVoteForm.tsx", "TypeScript JSX", 0, 0, 0, 0, 0, 0, 0, 0, 139, 0, 2, 7, 148
"/Users/oladmin/Desktop/CS-Y3/Voter/vote-app/src/components/SignUpToVotePage.tsx", "TypeScript JSX", 0, 0, 0, 0, 0, 0, 0, 0, 81, 0, 2, 8, 91
"/Users/oladmin/Desktop/CS-Y3/Voter/vote-app/src/components/UnauthorizedPage.tsx", "TypeScript JSX", 0, 0, 0, 0, 0, 0, 0, 0, 11, 0, 0, 3, 14
"/Users/oladmin/Desktop/CS-Y3/Voter/vote-app/src/components/VoteInterface.tsx", "TypeScript JSX", 0, 0, 0, 0, 0, 0, 0, 0, 110, 0, 3, 18, 131
"/Users/oladmin/Desktop/CS-Y3/Voter/vote-app/src/components/WalletButton.tsx", "TypeScript JSX", 0, 0, 0, 0, 0, 0, 0, 0, 26, 0, 0, 4, 30
"/Users/oladmin/Desktop/CS-Y3/Voter/vote-app/src/components/withAuth.tsx", "TypeScript JSX", 0, 0, 0, 0, 0, 0, 0, 0, 17, 0, 3, 6, 26
"/Users/oladmin/Desktop/CS-Y3/Voter/vote-app/src/context/AuthContext.tsx", "TypeScript JSX", 0, 0, 0, 0, 0, 0, 0, 0, 66, 0, 2, 13, 81
"/Users/oladmin/Desktop/CS-Y3/Voter/vote-app/src/context/NearContext.tsx", "TypeScript JSX", 0, 0, 0, 0, 0, 0, 0, 0, 68, 0, 3, 13, 84
"/Users/oladmin/Desktop/CS-Y3/Voter/vote-app/src/hooks/useAuth.ts", "TypeScript", 0, 0, 0, 0, 0, 0, 0, 0, 0, 0, 0, 1, 1
"/Users/oladmin/Desktop/CS-Y3/Voter/vote-app/src/lib/mongodb.ts", "TypeScript", 0, 0, 0, 0, 0, 30, 0, 0, 0, 0, 0, 11, 41
"/Users/oladmin/Desktop/CS-Y3/Voter/vote-app/src/lib/near-config.ts", "TypeScript", 0, 0, 0, 0, 0, 46, 0, 0, 0, 0, 3, 6, 55
"/Users/oladmin/Desktop/CS-Y3/Voter/vote-app/src/lib/near-contract.ts", "TypeScript", 0, 0, 0, 0, 0, 44, 0, 0, 0, 0, 0, 7, 51
"/Users/oladmin/Desktop/CS-Y3/Voter/vote-app/src/lib/utils.ts", "TypeScript", 0, 0, 0, 0, 0, 5, 0, 0, 0, 0, 0, 2, 7
"/Users/oladmin/Desktop/CS-Y3/Voter/vote-app/src/models/Campaign.ts", "TypeScript", 0, 0, 0, 0, 0, 87, 0, 0, 0, 0, 7, 8, 102
"/Users/oladmin/Desktop/CS-Y3/Voter/vote-app/src/models/User.ts", "TypeScript", 0, 0, 0, 0, 0, 16, 0, 0, 0, 0, 0, 5, 21
"/Users/oladmin/Desktop/CS-Y3/Voter/vote-app/src/models/Vote.ts", "TypeScript", 0, 0, 0, 0, 0, 27, 0, 0, 0, 0, 0, 2, 29
"/Users/oladmin/Desktop/CS-Y3/Voter/vote-app/src/services/api.ts", "TypeScript", 0, 0, 0, 0, 0, 0, 0, 0, 0, 0, 0, 1, 1
"/Users/oladmin/Desktop/CS-Y3/Voter/vote-app/src/services/authService.ts", "TypeScript", 0, 0, 0, 0, 0, 0, 0, 0, 0, 0, 0, 1, 1
"/Users/oladmin/Desktop/CS-Y3/Voter/vote-app/src/styles/globals.css", "PostCSS", 0, 0, 0, 0, 0, 0, 0, 3, 0, 0, 0, 1, 4
"/Users/oladmin/Desktop/CS-Y3/Voter/vote-app/src/types/index.d.ts", "TypeScript", 0, 0, 0, 0, 0, 0, 0, 0, 0, 0, 0, 1, 1
"/Users/oladmin/Desktop/CS-Y3/Voter/vote-app/src/utils/campaignStatus.ts", "TypeScript", 0, 0, 0, 0, 0, 8, 0, 0, 0, 0, 0, 1, 9
"/Users/oladmin/Desktop/CS-Y3/Voter/vote-app/src/utils/helpers.ts", "TypeScript", 0, 0, 0, 0, 0, 0, 0, 0, 0, 0, 0, 1, 1
"/Users/oladmin/Desktop/CS-Y3/Voter/vote-app/tailwind.config.ts", "TypeScript", 0, 0, 0, 0, 0, 17, 0, 0, 0, 0, 0, 2, 19
"/Users/oladmin/Desktop/CS-Y3/Voter/vote-app/tsconfig.json", "JSON with Comments", 0, 26, 0, 0, 0, 0, 0, 0, 0, 0, 0, 1, 27
"Total", "-", 8499, 26, 31, 12, 20, 1269, 10, 3, 3904, 11431, 138, 763, 26106